search_spot_lat,search_spot_lon,search_radius,id,Name,Latitude,Longitude,Category
43.34934888,5.44043216,666.6666666666666,550b38c8498efa0b2adeefb0,BP,43.35221,5.43693,Gas Station
43.34934888,5.44043216,666.6666666666666,4ea4ec6c490102dac3a720db,Stades municipaux de Château Gombert,43.35238809344683,5.436587188228983,Soccer Field
43.34934888,5.44043216,666.6666666666666,5edbfd8aa0cdf9000762afd9,Photomaton,43.3518951,5.4357269,Photography Studio
43.34934888,5.44043216,666.6666666666666,51499cffe4b0279f2578b1e7,L'Oxford,43.34403,5.439851,Sandwich Place
43.34934888,5.44043216,666.6666666666666,4e90b3bfb8f79f71de9d0986,Salah Thai,43.348228199959216,5.447829001583057,Diner
43.353844880000004,5.4331120975950205,666.6666666666666,5ebd0a9e935e7b00088d794b,Pacheco François,43.35712436,5.4345447,Business Service
43.353844880000004,5.4331120975950205,666.6666666666666,5d10ad4a02aee40023aac701,HEM PRO,43.35224691528138,5.437830090522766,Home Service
43.353844880000004,5.4331120975950205,666.6666666666666,518e9638498eb4803c512d32,Le Pavillon Thai,43.34958665969293,5.43157845127927,Thai Restaurant
43.353844880000004,5.4331120975950205,666.6666666666666,4ca78488b7106dcb6cef68a5,Baie d'Along (La),43.35178170276919,5.439815724783416,Vietnamese Restaurant
43.353844880000004,5.4331120975950205,666.6666666666666,51ae019b498ee7cfb133a89b,IDKDO & Fleurs,43.35647189924701,5.439636641190476,Flower Shop
43.34934888,5.425792035190041,666.6666666666666,57ecc943498e5b376672ca6e,CarGo Location de véhicules Marseille,43.351802,5.42304,Rental Car Location
43.34934888,5.425792035190041,666.6666666666666,4ca5b2c0b7106dcbcc8a56a5,Caprice Gourmand,43.345617,5.425672,French Restaurant
43.34934888,5.425792035190041,666.6666666666666,4c7e30773b22a1cdbdf8609e,Les Saveurs du Vésuve,43.345432100362935,5.425357782467719,Italian Restaurant
43.353844880000004,5.418471972785061,666.6666666666666,5a5ca92912c8f042a42ab81c,Pro-Boat,43.355206,5.416264,Boat or Ferry
43.353844880000004,5.418471972785061,666.6666666666666,4f155793e4b0960d029e0d5d,Au Chabrot,43.3552360534668,5.426045894622803,Restaurant
43.353844880000004,5.418471972785061,666.6666666666666,59d37dc7bb2a4708f0cc1a78,Saccoccio Roland,43.35021843,5.41227634,Construction & Landscaping
43.353844880000004,5.403831847975101,666.6666666666666,4cada96f2303a143bad1e7f0,La Batarelle,43.35520133361656,5.408674783284836,Plaza
43.353844880000004,5.403831847975101,666.6666666666666,4f5c7787e4b0695cbb189442,La Pomme De Pain,43.356039634622974,5.409977793202184,Bakery
43.34934888,5.396511785570121,666.6666666666666,5652348d38fadd6b4b93d6a3,LE ROBOT PHOTO,43.3463803,5.391058299999941,Photography Studio
43.353844880000004,5.389191723165141,666.6666666666666,5b609256e4c459002c19d1da,Clinique Saint-Barnabé - Ramsay Santé,43.354626,5.381026,Medical Center
43.34934888,5.3818716607601615,666.6666666666666,4dafd71993a037b7b077dd76,Gare SNCF de Saint-Joseph-le-Castellas,43.35202,5.377077,Train Station
43.34934888,5.3818716607601615,666.6666666666666,59e0b6ba8b98fd42a0293751,Cabinet TEC,43.34655,5.379382699999951,Accessories Store
43.34934888,5.3818716607601615,666.6666666666666,5acfa133f96b2c2dbe7ba0a0,CHARLOTTE AUX FLEURS,43.34711086,5.37824064,Flower Shop
43.34934888,5.3818716607601615,666.6666666666666,4fe20e0de4b05fd6aeef3bad,Casino supermarché,43.34895286,5.37646336,Supermarket
43.34202881759502,5.44043216,666.6666666666666,4e8bf73f9a52f194de13bed5,Technopôle de Chateau Gombert,43.34229967781928,5.440977223208977,Park
43.34202881759502,5.44043216,666.6666666666666,4e91b8e030f81ec6fff40c58,Parc Athena,43.34018,5.445623,Park
43.34202881759502,5.44043216,666.6666666666666,59e0d02e09e2837b1ba2a809,Beretech Bureau d'Etude Technique,43.3439196,5.4351286,Business Service
43.34202881759502,5.44043216,666.6666666666666,5db9ac1e605f090008ef7e61,Jardins Provence Élagage JPE13,43.33980708,5.43362889,Tree
43.34202881759502,5.425792035190041,666.6666666666666,4cffaae34f56b60c0ddc9d37,Casino supermarché,43.34109877,5.42053327,Supermarket
43.34202881759502,5.425792035190041,666.6666666666666,4eff3b0c61af974bcd6fb220,Morgan Beauté,43.33704439964597,5.425255474412392,Massage Studio
43.34202881759502,5.425792035190041,666.6666666666666,5d8a7c3c15a6fc0007de7e28,Pichet,43.338989874492285,5.420234868717216,Real Estate Office
43.34202881759502,5.425792035190041,666.6666666666666,5a12cf4b3149b9796e812460,EIRL Filipe Oliveira,43.34610999117242,5.421044826507568,Construction & Landscaping
43.346524817595025,5.418471972785061,666.6666666666666,4d89df185ecdf04d3dedb18a,Les Terrasses De Saint Mitre,43.3424120741162,5.4161278728683175,French Restaurant
43.346524817595025,5.418471972785061,666.6666666666666,5e4a16c866801100079404ad,SAS DGL,43.34757261,5.41064075,Home Service
43.34202881759502,5.411151910380081,666.6666666666666,4d0203cb6b0c236a101baca2,La Paill'hot,43.34278535576988,5.411580501885993,Snack Place
43.34202881759502,5.411151910380081,666.6666666666666,4dda9165fa76ad96d16eb289,Gymnase Iut St Jerome - Badminton,43.33849586080407,5.41010053053232,Badminton Court
43.346524817595025,5.403831847975101,666.6666666666666,4ec2ce3b7ee55441b4a355d2,Au Murmure Des Eaux,43.34781553461843,5.4076820611953735,French Restaurant
43.346524817595025,5.403831847975101,666.6666666666666,58c347e00802cb194f723ad5,Sécuritest - Sarl penelito,43.3422,5.4081,Auto Workshop
43.34202881759502,5.396511785570121,666.6666666666666,4dafd7c7fa8c123fa7f81693,Gare SNCF de Sainte-Marthe-en-Provence,43.339317,5.390521,Train Station
43.34202881759502,5.396511785570121,666.6666666666666,4c2faf403896e21eb767e490,La Marseillaise,43.343458,5.391696,BBQ Joint
43.34202881759502,5.396511785570121,666.6666666666666,57076feb498e1e9de60a0e96,Château Ricard,43.344043846634364,5.3910742369607245,Memorial Site
43.34202881759502,5.396511785570121,666.6666666666666,5294cd4c498ed52d430bc587,Cercle Sainte Marthe,43.33783873654003,5.392219421410042,Café
43.34202881759502,5.3818716607601615,666.6666666666666,4c925a3e51d9b1f7ac458846,Kfc,43.342576141254334,5.37628601334263,Fast Food Restaurant
43.34202881759502,5.3818716607601615,666.6666666666666,4e6c94207d8b2c711b546e42,KFC - Les Arnavaux,43.3415321,5.3770655,Fried Chicken Joint
43.34202881759502,5.3818716607601615,666.6666666666666,5a4032679deb7d432ff2f621,Promocash,43.337256,5.383677,Warehouse Store
43.34202881759502,5.3818716607601615,666.6666666666666,4ba6ec5df964a520c87739e3,Marché des Arnavaux - MIN MPM,43.33658412449523,5.3820245363823,Farmers Market
43.33470875519004,5.44043216,666.6666666666666,5bf6ab6ebed483002cc95434,Burger King,43.3358387,5.4332369,Fast Food Restaurant
43.33470875519004,5.44043216,666.6666666666666,4c7258704bc4236a89eaca7a,Quick,43.33591790005547,5.433389528017376,Fast Food Restaurant
43.33470875519004,5.44043216,666.6666666666666,5cd5ec8531fd14002c3d9e88,PHARMACIE FRANDJI LAURENT,43.331741,5.434134,Pharmacy
43.33470875519004,5.44043216,666.6666666666666,4d9c8a277865a093a20ad37a,"Arrêt La Croix-Rouge - Église [2,142,143,144]",43.334734053331786,5.448001027107239,Bus Stop
43.339204755190046,5.4331120975950205,666.6666666666666,4e9c04a361afc418ba4e027e,Les Terrasses de Midi,43.341897,5.434377,Restaurant
43.339204755190046,5.4331120975950205,666.6666666666666,4f06ee4de4b0e89078ed772a,Les Mezzes,43.340404615835084,5.438086312033422,Middle Eastern Restaurant
43.33470875519004,5.425792035190041,666.6666666666666,4c973ced38dd8cfaedb7e162,Métro La Rose - Technopôle de Château Gombert [M1],43.33328609959332,5.42935816891411,Metro Station
43.33470875519004,5.425792035190041,666.6666666666666,4e14499188777cd5da3228f1,Le Fournil de la Station Gourmande,43.33347344330836,5.429615094346257,Bakery
43.33470875519004,5.425792035190041,666.6666666666666,4ff5ba9be4b009b18e81e15c,Total Access,43.33848816,5.42034839,Gas Station
43.339204755190046,5.418471972785061,666.6666666666666,4e7e12197ee6ec382530cb7d,Supermarché Casino La Rose,43.337293144966495,5.411466000870981,Grocery Store
43.33470875519004,5.411151910380081,666.6666666666666,4cf3924194feb1f7433823ba,O'Pépé Café,43.33467317866876,5.410105644593387,Snack Place
43.33470875519004,5.411151910380081,666.6666666666666,4ec93ef0e3007199172d064e,Pizzeria La Grotte,43.33424914551578,5.410796046982351,Pizza Place
43.33470875519004,5.411151910380081,666.6666666666666,5b2a91e08d0a53002c6f8e45,Le Summum,43.330186,5.413338,Burger Joint
43.339204755190046,5.403831847975101,666.6666666666666,5881bcd24ca49b16cddb6ff1,Carrefour Contact Marché,43.335414,5.400959,Supermarket
43.339204755190046,5.403831847975101,666.6666666666666,4e48008e81dc766f3e3cad10,"Arrêt Niemen - Géraniums [3,32]",43.340902558974655,5.410117506980896,Bus Stop
43.33470875519004,5.396511785570121,666.6666666666666,4bc1b0dfb492d13a355ba660,Gare SNCF de Picon-Busserine,43.331166,5.39312,Train Station
43.33470875519004,5.396511785570121,666.6666666666666,5838613e1174201f062c234f,Carrefour,43.33002,5.39993,Supermarket
43.33470875519004,5.396511785570121,666.6666666666666,4dd64746b0fb8af380683201,Quick,43.32969928916582,5.399960235795676,Fast Food Restaurant
43.33470875519004,5.3818716607601615,666.6666666666666,4cd427a7558a3704b09dc5a6,Boutique Haribo,43.331982504850146,5.374640271572799,Candy Store
43.33470875519004,5.3818716607601615,666.6666666666666,4cfcd135d7206ea8bcdb4569,McDonald's,43.331015907944305,5.388151833923638,Fast Food Restaurant
43.33470875519004,5.3818716607601615,666.6666666666666,4f9bf96ce4b0d2bd629edbbe,Viandes Agogo,43.33957021680344,5.379848540437452,Convenience Store
43.327388692785064,5.44043216,666.6666666666666,5ab43afce55d8b47cf0289ea,Amplifon Audioprothésiste Marseille Les Olives,43.32586743592496,5.43942466378212,Medical Supply Store
43.327388692785064,5.44043216,666.6666666666666,4c416b43ff711b8d94f71105,L'Atelier,43.32742807066763,5.437088597342676,Gym
43.327388692785064,5.44043216,666.6666666666666,5acf894ae1f2284dc9289c83,Bio-Zénitude,43.32442966,5.43734408,Home Service
43.327388692785064,5.44043216,666.6666666666666,532703b1498e1540f462898f,Clean City,43.32353591918945,5.446012020111084,Dry Cleaner
43.33188469278507,5.4331120975950205,666.6666666666666,4e7eeadb2c5bd48c24c2eabd,Intermarché SUPER Marseille et Drive,43.331553,5.433217,Supermarket
43.33188469278507,5.4331120975950205,666.6666666666666,4c4ece2951c2c92833b0ee9e,KFC,43.32900392175325,5.430231392383575,Fast Food Restaurant
43.33188469278507,5.4331120975950205,666.6666666666666,56e9aaeb498e37ec9f2c3c62,REFLEXOLOGIE PLANTAIRE ET MASSAGE ASSIS,43.3362307,5.4369652000000315,Spa
43.327388692785064,5.425792035190041,666.6666666666666,54059123498e69efd3de1e7b,"Arrêt La Rose Fuveau [27,42]",43.327181985526934,5.423066125288574,Bus Stop
43.327388692785064,5.425792035190041,666.6666666666666,4dfddb3e1520af6936712584,Métro Frais-Vallon [M1],43.325971274394014,5.422974051669428,Metro Station
43.327388692785064,5.425792035190041,666.6666666666666,4dda073d1838b8561d26f575,Le Fournil de la Poste,43.33127301706011,5.427761077880859,Bakery
43.327388692785064,5.425792035190041,666.6666666666666,54255881498e2f5e12e811d0,"Arrêt La Rose Verdière [B3,42(T)]",43.32563018798828,5.419417858123779,Bus Stop
43.327388692785064,5.425792035190041,666.6666666666666,4f6215a5e4b0ed0157f49a4f,"Arrêt Métro Malpassé [B3(a),37(S),38,39]",43.326470018781414,5.418677445402883,Bus Stop
43.327388692785064,5.411151910380081,666.6666666666666,4ed0be4930f81894aeb6aaac,Sassoun - Pâtisserie Arménienne,43.32216467333349,5.4124325892185885,Cupcake Shop
43.327388692785064,5.411151910380081,666.6666666666666,504b7dbce4b0ef19b0b665a2,Arret du 37,43.327458701203106,5.418677445402883,Bus Stop
43.327388692785064,5.396511785570121,666.6666666666666,4ed0ba1f9adf254457487b53,Ghetto,43.33267379728408,5.397720712750188,Garden
43.33188469278507,5.389191723165141,666.6666666666666,5e56abd3c202a900076a5f43,Basic-Fit Marseille Chemin de Sainte-Marthe,43.32832503842305,5.387379644625496,Gym
43.33188469278507,5.389191723165141,666.6666666666666,5c48567460255e002c82df29,DNM ALUMINIUM,43.331009,5.382302,Home Service
43.33188469278507,5.389191723165141,666.6666666666666,5881c99751d19e79a121ab90,Carrefour Contact Marché,43.3269037,5.3855053,Supermarket
43.33188469278507,5.389191723165141,666.6666666666666,5a1294ec6cf01a1108e6f856,Taxi Transport Express,43.3269748,5.3848042,Business Service
43.327388692785064,5.3818716607601615,666.6666666666666,4bc2fa93920eb713e9c91c2c,Bistrot Alexandre,43.325419255193424,5.38198123101868,French Restaurant
43.327388692785064,5.3818716607601615,666.6666666666666,4be3f136b02ec9b6949c50c0,Barocco,43.325452,5.382138,Pizza Place
43.327388692785064,5.3818716607601615,666.6666666666666,4fd5d51de4b0aa9a7339483f,Le Comptoir,43.32547685310177,5.377783576878372,Restaurant
43.32006863038008,5.44043216,666.6666666666666,4edcbc760e011b46f1231b9b,Carrefour Market,43.317568,5.439192,Supermarket
43.32006863038008,5.44043216,666.6666666666666,4e315df118380c94aca9db63,Carrefour Market,43.31757,5.43919,Supermarket
43.32006863038008,5.44043216,666.6666666666666,5970c3250fe7a019d0a9a950,Julien Turcat Arts,43.3215325,5.4378447999999935,Market
43.32006863038008,5.44043216,666.6666666666666,53244a77498e41060cb010e7,Brasserie  des Martegaux,43.325706481933594,5.441229343414307,American Restaurant
43.32006863038008,5.44043216,666.6666666666666,5fd73447eabbbf5dc91c90cd,Clairimmo,43.317003,5.447328,Real Estate Office
43.32456463038008,5.4331120975950205,666.6666666666666,4dc03806b5924d4e4428791d,Le Pétrin des Martégaux,43.32600889833779,5.439042448997498,Bakery
43.32006863038008,5.425792035190041,666.6666666666666,598a1876b040561a1d469fe1,serval sarl,43.3203651,5.426036999999951,Miscellaneous Shop
43.32006863038008,5.425792035190041,666.6666666666666,5eba6c174cfb470008a329ff,Motrio - SARL Meca Turbo,43.3179459,5.4290064,Automotive Shop
43.32456463038008,5.418471972785061,666.6666666666666,4df5f01814954f21cf362082,Métro Malpassé [M1],43.32098629310542,5.416431427001953,Metro Station
43.32456463038008,5.418471972785061,666.6666666666666,5a1e9026c5b11c4ac8f6dfd6,Speedy,43.32211366,5.41276568,Auto Garage
43.32456463038008,5.418471972785061,666.6666666666666,4f8acef3e4b060b7f8a9319b,Arrêt Métro Malpassé [38],43.32097719097377,5.413716284388648,Bus Stop
43.32006863038008,5.411151910380081,666.6666666666666,4f5bf6b74fc6251a78bfef0b,Subway,43.316792509259386,5.404824961525037,Sandwich Place
43.32006863038008,5.411151910380081,666.6666666666666,4c4040e1d7fad13af8a305da,Sushi West,43.32038866844119,5.4097118632124515,Sushi Restaurant
43.32006863038008,5.411151910380081,666.6666666666666,4ec3ad638231d4c9fec249d1,Le Moulin,43.31932370759464,5.40776252746582,Music Venue
43.32006863038008,5.411151910380081,666.6666666666666,4dc383181f6ef43b89e576e6,Métro Saint-Just — Hôtel du Département [M1],43.31566504548747,5.406929899599272,Metro Station
43.32456463038008,5.403831847975101,666.6666666666666,5c35abef9be522002c3ddd02,Carrefour Spectacles,43.32892,5.400483,Miscellaneous Shop
43.32006863038008,5.396511785570121,666.6666666666666,4f79d3237beb54566f4e4eaa,Internity Mobile Hut,43.317042,5.399388,Electronics Store
43.32006863038008,5.396511785570121,666.6666666666666,5e26c0300643390007b04dc5,Accoplas,43.3189018,5.39130449,Furniture / Home Store
43.32006863038008,5.396511785570121,666.6666666666666,4d6303d149758cfa9fe160f0,Gibraltar,43.316281275535545,5.392628421392235,Plaza
43.32006863038008,5.396511785570121,666.6666666666666,59de3282c530935af78f3c26,FRANCE PROPRETÉ SERVICES,43.3242343,5.393381199999999,Home Service
43.32006863038008,5.396511785570121,666.6666666666666,5d527fa39dec5d0007135ec6,Laverie Speed Queen,43.314627,5.397871,Laundromat
43.32456463038008,5.389191723165141,666.6666666666666,4f27dd2fe4b015cb4e3383cc,La Table Du Boulanger,43.325923,5.383352,Bakery
43.32456463038008,5.389191723165141,666.6666666666666,5e1f2b783c545b0007911291,Cabinet Caussemille,43.3234754,5.3827777,Real Estate Office
43.32456463038008,5.389191723165141,666.6666666666666,5fe0c66488687741419ac92f,AIDADOMI,43.3252386,5.3824017,Home Service
43.32456463038008,5.389191723165141,666.6666666666666,5436ace5498e9df3433992fc,Sixt Marseille Rabatau,43.32748413,5.3951998,Rental Car Location
43.32006863038008,5.3818716607601615,666.6666666666666,4bdb08073c4fef3b01baf4bf,Théâtre Toursky,43.31588884,5.37771248,Theater
43.32006863038008,5.3818716607601615,666.6666666666666,4cb957bedd41a35d2a39e1a0,Paris Store Marseille (巴黎士多超級市場馬賽店),43.31542546876832,5.384677499932961,Grocery Store
43.32006863038008,5.3818716607601615,666.6666666666666,4cee48cc82125481dbf863a1,KFC Plombiere,43.317237793964075,5.382138487311198,Fast Food Restaurant
43.32006863038008,5.3818716607601615,666.6666666666666,5de0c92eaf03f30008414502,Sees,43.31695854,5.38262486,Miscellaneous Shop
43.3127485679751,5.44043216,666.6666666666666,5e2c1a414d79840008c695f0,Société Générale,43.30863921389947,5.436969111082249,Bank
43.3127485679751,5.44043216,666.6666666666666,59e5c6331bc70446399e739b,Crédit Agricole Alpes Provence Marseille Beaumont St Julien,43.30837023,5.43735386,Bank
43.3127485679751,5.44043216,666.6666666666666,5e1c1ece2af59f0008bbac2c,Photomaton,43.31763281,5.43964293,Photography Studio
43.3172445679751,5.4331120975950205,666.6666666666666,4d84b0308de9721e03d93551,Le Parc De La Moline,43.31237661766124,5.428681095181962,Garden
43.3127485679751,5.425792035190041,666.6666666666666,60059d56a03d5232950f9560,S D P DAN ART DECO,43.30966,5.421576,Arts & Crafts Store
43.3127485679751,5.425792035190041,666.6666666666666,4dff41ac88779f08f997f280,L'Atelier,43.308129342096706,5.426301956176758,Bakery
43.3127485679751,5.425792035190041,666.6666666666666,5efe8d2467cf52000850a74b,BARBERO CLIMATISATION,43.31712048,5.42919511,Home Service
43.3127485679751,5.425792035190041,666.6666666666666,4c8cc56ccf3ea1432c0df851,L'entrecôte Tao,43.307649,5.423746,French Restaurant
43.3127485679751,5.425792035190041,666.6666666666666,4e4c0a161838fe3c818fba00,Pharmacie de Bois Luzy,43.3098763,5.4194883999999774,Neighborhood
43.3172445679751,5.418471972785061,666.6666666666666,4f1ac751e4b0d1a654f21a72,McDonald's,43.317044293155725,5.413700941250544,Fast Food Restaurant
43.3172445679751,5.418471972785061,666.6666666666666,4e45611f62845e1d3c82d670,La Cabane A Pizza,43.31546582066524,5.413153705314986,Pizza Place
43.3127485679751,5.411151910380081,666.6666666666666,4b51fe9cf964a520ff5f27e3,Le Dôme,43.31526462228079,5.404372215270996,Concert Hall
43.3127485679751,5.411151910380081,666.6666666666666,4e204425b61cdcf1ecb05890,GiFi,43.30859035,5.41141329,Furniture / Home Store
43.3127485679751,5.411151910380081,666.6666666666666,5a3d0ba42632ec1141f1f2ce,Les Petits Chaperons Rouges - Les Malicieux,43.314908,5.4171268,Child Care Service
43.3172445679751,5.403831847975101,666.6666666666666,4c544b89f5f3d13a59f0e9f9,Intermarché SUPER Marseille et Drive,43.311498,5.402469,Supermarket
43.3172445679751,5.403831847975101,666.6666666666666,5c3a29f9f129b50025a9ae9c,Atol Mon Opticien,43.318856182476594,5.407635873940762,Optical Shop
43.3127485679751,5.396511785570121,666.6666666666666,4bb758a8f562ef3bad433197,Friche la Belle de Mai,43.30998740600552,5.390446186065673,Cultural Center
43.3127485679751,5.396511785570121,666.6666666666666,4ea820e1722e38f634d9c31f,Les Chartreux,43.30916457397581,5.401478865797809,Neighborhood
43.3127485679751,5.396511785570121,666.6666666666666,4b8e7158f964a520eb2233e3,Les Grandes Tables de la Friche,43.31028951303974,5.391304064827283,Bistro
43.3127485679751,5.396511785570121,666.6666666666666,4bbf521b98f49521626bd263,Métro Chartreux [M1],43.30916999462262,5.401703851409135,Metro Station
43.3172445679751,5.389191723165141,666.6666666666666,4d6fc4348781b60c37444235,Carrefour Market,43.31237,5.38638,Supermarket
43.3172445679751,5.389191723165141,666.6666666666666,4d7e698d564b8cfa8672f164,Théâtre Gyptis,43.31278778174798,5.384464307483205,Theater
43.3127485679751,5.3818716607601615,666.6666666666666,4c93baeb72dd224bf9609391,L'embobineuse,43.310906,5.382777,Concert Hall
43.3127485679751,5.3818716607601615,666.6666666666666,4d8f69593bfef04dfdbdad86,"Bar Tabac ""le Weekend""",43.30815549880644,5.3789731368597895,Smoke Shop
43.30542850557012,5.44043216,666.6666666666666,4d8dd034d265236a9a74fa16,Azumi Sushi,43.306235,5.441669,Sushi Restaurant
43.30542850557012,5.44043216,666.6666666666666,4c4f13899efabe9a861a246b,Zeppini,43.30802004245085,5.435764789581299,Gourmet Shop
43.30542850557012,5.425792035190041,666.6666666666666,4c800a5e51ada1cd471e0610,Le Terminus,43.303694115217674,5.41883127107172,Café
43.30542850557012,5.425792035190041,666.6666666666666,5421792c498edfcb92e8cd2b,Carrefour Market (Market),43.304861,5.418489,Supermarket
43.30542850557012,5.425792035190041,666.6666666666666,4b913f12f964a520e0ac33e3,Carrefour City,43.30473999157467,5.418041932860626,Supermarket
43.30542850557012,5.425792035190041,666.6666666666666,4cb4c325a4fc9521b6b28ac0,Métro La Fourragère [M1],43.30391501113831,5.425598207108161,Metro Station
43.30542850557012,5.425792035190041,666.6666666666666,4b8fdf90f964a520b36633e3,Simply market,43.304707124075335,5.4271123937588,Grocery Store
43.30992450557012,5.418471972785061,666.6666666666666,4fb154c5e4b0fd09aa16de18,Centre Commercial,43.304813269222784,5.4179460310572845,Shopping Mall
43.30542850557012,5.411151910380081,666.6666666666666,4b5ec1b1f964a520bc9729e3,Saint-Barnabé,43.30430556726937,5.415143213991711,Neighborhood
43.30542850557012,5.411151910380081,666.6666666666666,550b38c8498efa0b2adeef8a,BP,43.3041233,5.4116993,Gas Station
43.30542850557012,5.411151910380081,666.6666666666666,4b5c1bfef964a520562429e3,La Bergerie,43.30260545046395,5.405380444725813,Men's Store
43.30542850557012,5.396511785570121,666.6666666666666,4ba1628af964a52061b237e3,Palais Longchamp,43.304276410938265,5.39454460144043,Palace
43.30542850557012,5.396511785570121,666.6666666666666,4c1b8fbfb9f876b007667a46,Parc Longchamp,43.30455851284106,5.395532404094793,Park
43.30542850557012,5.396511785570121,666.6666666666666,4f0d7b3de4b0e190ab7af0e7,Musée des Beaux-Arts,43.304533,5.394061,Art Museum
43.30542850557012,5.396511785570121,666.6666666666666,552151ea498e60974dcad1cc,Muséum d'Histoire Naturelle de Marseille,43.303786,5.394665,Science Museum
43.30542850557012,5.396511785570121,666.6666666666666,4ba7d687f964a520cfb739e3,Pathé Madeleine,43.30031850908241,5.39970035073841,Multiplex
43.30542850557012,5.396511785570121,666.6666666666666,4e782f767d8b90e441f0c9d1,Subway,43.30211118781196,5.397197160895985,Sandwich Place
43.30542850557012,5.396511785570121,666.6666666666666,4cee2661ed62721ed22b5afd,Place Leverrier,43.30599425566888,5.3933492907887715,Plaza
43.30542850557012,5.396511785570121,666.6666666666666,4e8b2c027ee6dd016f624fd3,Comptoir Longchamp,43.303917,5.39297,Bistro
43.30542850557012,5.396511785570121,666.6666666666666,4d0f0e8ba3d9721e922ecdfd,Station Foch Sakakini [T2],43.3003721067148,5.399897430815267,Tram Station
43.30992450557012,5.389191723165141,666.6666666666666,4cca9df27965b60cc289868a,Place Cadenat,43.311367534484525,5.383121078259352,Plaza
43.30542850557012,5.3818716607601615,666.6666666666666,5124b988e4b089c7668f57b4,L'Ecomotive,43.301609755153805,5.3807325069654555,Café
43.30542850557012,5.3818716607601615,666.6666666666666,4d932b08922c6ea85c425f79,SEPHORA,43.303146901118076,5.380257452866543,Cosmetics Shop
43.30542850557012,5.3818716607601615,666.6666666666666,4f9fc534e4b01729ff7237be,Escaliers de la Gare Saint-Charles,43.302127252562975,5.3805283589444235,Scenic Lookout
43.30542850557012,5.3818716607601615,666.6666666666666,4e71ec9c8998183ccef65474,Fnac,43.30341366441979,5.379781723022461,Department Store
43.30542850557012,5.3818716607601615,666.6666666666666,559edd5b498e955ca6ca86b1,Carrefour City,43.30284,5.3789,Supermarket
43.30542850557012,5.3818716607601615,666.6666666666666,4bb8c8f1cf2fc9b67bd89f02,Gare SNCF de Marseille Saint-Charles,43.30303639225833,5.380523247497235,Train Station
43.30542850557012,5.3818716607601615,666.6666666666666,4d5408fa2f638cfa80ad696a,Espressamente Illy,43.30282306044403,5.3805085328345985,Coffee Shop
43.30542850557012,5.3818716607601615,666.6666666666666,4c31889fed37a593c08b6a03,Brasserie Le Grand Escalier,43.30143103168352,5.380366312556879,Café
43.30542850557012,5.3818716607601615,666.6666666666666,505625dae4b0c68360524fa6,Residhome Aparthotel,43.30202283473424,5.376542500024274,Hotel
43.30542850557012,5.3818716607601615,666.6666666666666,4bc6a66604e8b713f064362d,Vertigo,43.301671,5.379264,Hostel
43.30542850557012,5.3818716607601615,666.6666666666666,4c30c85d452620a12b9e1f0f,Hotel Terminus Saint Charles,43.30137086504357,5.380439930987737,Hotel
43.30542850557012,5.3818716607601615,666.6666666666666,578a3319498e7e0fb61edeba,Bistrot Bocaux,43.303757,5.379277,Bistro
43.30542850557012,5.3818716607601615,666.6666666666666,4cbc271e43ec6dcb9bf3ae31,Il Caffè Di Roma,43.30352300667242,5.379260733890485,Café
43.30542850557012,5.3818716607601615,666.6666666666666,4f325798e4b0f6064c098ce7,Cafeteria St Charles,43.30513249039031,5.377701797662712,Diner
43.30542850557012,5.3818716607601615,666.6666666666666,5b2e66871f08230044c93b31,Toyoko Inn Marseille Saint Charles,43.30445,5.374395,Hotel
43.29810844316514,5.44043216,666.6666666666666,508e4ebee4b0c9eb73143688,McDonald's,43.29546418710068,5.442553214168067,Fast Food Restaurant
43.29810844316514,5.44043216,666.6666666666666,5ee251da11a1a82c70471716,Photomaton,43.2959967,5.4435719,Photography Studio
43.29810844316514,5.44043216,666.6666666666666,5a1ec70c91eaca49f2bf252e,Casino Supermarchés,43.29599669,5.44357187,Supermarket
43.29810844316514,5.44043216,666.6666666666666,4daffaeba86e63d2115230bd,Station Les Caillols [T1],43.2947035331217,5.443929433822632,Tram Station
43.29810844316514,5.44043216,666.6666666666666,599bfbc4b1ec13754616a065,libertagrimpe,43.2951083,5.446587499999964,Tour Provider
43.302604443165144,5.4331120975950205,666.6666666666666,54982811498e6e8081ffd478,Chez le docteur,43.299037,5.431025,Shopping Mall
43.29810844316514,5.425792035190041,666.6666666666666,4f76da22e4b015b23c73f901,Intermarché SUPER Marseille et Drive,43.296051,5.425035,Supermarket
43.29810844316514,5.425792035190041,666.6666666666666,5e2983f0d1476100081d80cf,INTEGRAL,43.29835826,5.42442618,Electronics Store
43.29810844316514,5.425792035190041,666.6666666666666,5ec30c37601d25000896a872,JARDINIERS S.A.P,43.295231,5.427232500000001,Garden
43.29810844316514,5.425792035190041,666.6666666666666,4dfe0902091aaaba729ecde8,Station La Boiseraie [T1],43.295012404469745,5.422501676396393,Tram Station
43.29810844316514,5.425792035190041,666.6666666666666,4dfe09c9091aaaba729ece35,Station Air Bel [T1],43.29431299982423,5.427751842485196,Tram Station
43.29810844316514,5.425792035190041,666.6666666666666,4dfe082d091aaaba729ecd5a,Station La Parette [T1],43.295004172516585,5.419220924377441,Tram Station
43.29810844316514,5.425792035190041,666.6666666666666,4dfe0a54091aaaba729ece8c,Station La Grognarde [T1],43.29461763587872,5.432283282279968,Tram Station
43.29810844316514,5.425792035190041,666.6666666666666,4e85e12fb634ae3cdbbe2c94,L240 - Métro La Fourragère,43.30391882226167,5.4244216704912,Bus Station
43.302604443165144,5.418471972785061,666.6666666666666,4e2176de62e1964dbb670479,Sushi Shop,43.30445373846147,5.413901260047442,Sushi Restaurant
43.302604443165144,5.418471972785061,666.6666666666666,4cbed074b6c4224b522def94,Métro Louis Armand [M1],43.29972777830216,5.413113184168512,Metro Station
43.302604443165144,5.418471972785061,666.6666666666666,599e19cc53159316d12ec89a,Avis Location Voiture,43.30405096591437,5.426386445760727,Rental Car Location
43.29810844316514,5.411151910380081,666.6666666666666,4b8fa07cf964a5208c5a33e3,Gare SNCF de Marseille Blancarde,43.29633946199776,5.406861305236816,Train Station
43.29810844316514,5.411151910380081,666.6666666666666,4c4be0b85609c9b6ae0eba91,Métro La Blancarde - Gare SNCF [M1],43.2962111065605,5.406019653758331,Metro Station
43.29810844316514,5.411151910380081,666.6666666666666,4c4c285c9c8d2d7f6023026c,Station Blancarde Chave [T1],43.29580838995554,5.406202622382225,Tram Station
43.29810844316514,5.411151910380081,666.6666666666666,4dfe165a091aaaba729ed733,Station Foch Boisson [T2],43.29811980236244,5.403304696083069,Tram Station
43.302604443165144,5.403831847975101,666.6666666666666,4ef3dfad4fc62ccb453af792,Place Sébastopol,43.299387231801425,5.397341003413525,Plaza
43.302604443165144,5.403831847975101,666.6666666666666,4cb992950180721e50d19461,Stade Vallier,43.30051147158285,5.401765211273086,Soccer Stadium
43.302604443165144,5.403831847975101,666.6666666666666,4d7ca2c06152b60cd8819526,Royaume de la Chantilly,43.29855825,5.39776958,Cheese Shop
43.29810844316514,5.396511785570121,666.6666666666666,4b97d698f964a520241935e3,The Black Unicorn,43.29559136877723,5.396478735216781,Pub
43.29810844316514,5.396511785570121,666.6666666666666,50074879e4b05eac5ad3a8fe,Square Sidi-Brahim,43.297347463745325,5.397757781856386,Plaza
43.29810844316514,5.396511785570121,666.6666666666666,4c12789e7f7f2d7ff35bdd68,McDonald's,43.29556891738734,5.400344759379604,Fast Food Restaurant
43.29810844316514,5.396511785570121,666.6666666666666,51915ab7498efad557fdd177,Ibis Budget Hôtel,43.29537044522767,5.4009667230624245,Bed & Breakfast
43.29810844316514,5.396511785570121,666.6666666666666,4c54537a30f92d7fb2bf4dba,Le Dernier Métro,43.295268715626385,5.390721569106017,Bar
43.29810844316514,5.396511785570121,666.6666666666666,4bc2dea974a9a593bbcdd3f6,Le Petit Longchamp,43.302584,5.392378,French Restaurant
43.29810844316514,5.396511785570121,666.6666666666666,4bca0b5a937ca593aef5a692,Kim Chi,43.300577490447985,5.389699023102044,Asian Restaurant
43.29810844316514,5.396511785570121,666.6666666666666,4bd0bf8aa8b3a5933a87645f,Poste à galène,43.29328162007491,5.391732672719576,Nightclub
43.302604443165144,5.389191723165141,666.6666666666666,4bca1a0c511f95215309afc7,Teavora,43.30215940441138,5.389472699649087,Tea Room
43.302604443165144,5.389191723165141,666.6666666666666,4b822f73f964a5209fcc30e3,Longchamp Palace,43.30110198782147,5.387910087626963,French Restaurant
43.302604443165144,5.389191723165141,666.6666666666666,53171e9811d28424b557dfc3,Nour d'Egypte - Association culturelle Egyptienne,43.300902,5.388184,Middle Eastern Restaurant
43.302604443165144,5.389191723165141,666.6666666666666,4bbafbc5935e95215bac2890,Église Saint-Vincent-de-Paul,43.298822553946756,5.385714769363403,Church
43.302604443165144,5.389191723165141,666.6666666666666,4da4180a540ea1cd13c49dde,Patisserie Plauchut,43.298787,5.384941,Dessert Shop
43.302604443165144,5.389191723165141,666.6666666666666,4d00cef4ba1da1cd4c878a28,Fontaine des Danaïdes,43.29948067577794,5.38537798102272,Fountain
43.302604443165144,5.389191723165141,666.6666666666666,4d03791137036dcb082e0afb,La Boite à Sardine,43.299319038510454,5.38595697105098,Seafood Restaurant
43.302604443165144,5.389191723165141,666.6666666666666,4cb59b17589f236a2a1d313d,Square Stalingrad,43.299987,5.385564,Plaza
43.302604443165144,5.389191723165141,666.6666666666666,4f0d719ee4b0b30606734350,Square Léon Blum,43.29879132071549,5.383955240249634,Plaza
43.302604443165144,5.389191723165141,666.6666666666666,4b9a56b0f964a52043ad35e3,Les Danaïdes,43.29950309006922,5.385479939510851,Brewery
43.302604443165144,5.389191723165141,666.6666666666666,4df1ca1b88772e1f814ca403,Station National [T2],43.30155983376919,5.388646338597253,Tram Station
43.302604443165144,5.389191723165141,666.6666666666666,4dfe1435091aaaba729ed5f8,Station Réformés – Canebière [T2],43.30002892522721,5.385457277297974,Tram Station
43.302604443165144,5.389191723165141,666.6666666666666,4be17c4340d676b074e404ee,Hôtel Lutétia,43.29887404058734,5.382837842264704,Hotel
43.302604443165144,5.389191723165141,666.6666666666666,4e26ff7d2271e4f3075d265b,Festival de Jazz des cinq continents,43.30500681074136,5.395721577042115,Jazz Club
43.302604443165144,5.389191723165141,666.6666666666666,50a80a09e4b099e2bc4e8ae1,Adagio Access,43.304572399153905,5.382026032444262,Hotel
43.302604443165144,5.389191723165141,666.6666666666666,51f0dc6a498ea1919da788fd,Adagio Access Marseille Saint Charles,43.30471637794676,5.381901125165996,Hotel
43.302604443165144,5.389191723165141,666.6666666666666,4d9c13fd5b6c236a21ede5a1,Station Cinq Avenues [T2],43.30251357843458,5.397050917900547,Tram Station
43.29810844316514,5.3818716607601615,666.6666666666666,4bc8b7d4ab62d13a46de17d4,La Cantinetta,43.295393210993375,5.382577623431128,Italian Restaurant
43.29810844316514,5.3818716607601615,666.6666666666666,4c4ae294712ac928bb621a6c,Sur Le Pouce,43.299724071287564,5.378596513470845,Middle Eastern Restaurant
43.29810844316514,5.3818716607601615,666.6666666666666,5ac9e609911fc410790459cd,La Mercerie,43.295848,5.378388,Restaurant
43.29810844316514,5.3818716607601615,666.6666666666666,4bcd84b2511f9521fbb0b4c7,Comptoir Dugommier,43.29848841980959,5.380918085753152,French Restaurant
43.29810844316514,5.3818716607601615,666.6666666666666,560bd38a498e36f5bbb243ac,Bistrot Le Petit Saint Louis,43.29779915962835,5.378085138736612,Bistro
43.29810844316514,5.3818716607601615,666.6666666666666,4b899517f964a520aa4332e3,L'Espace Julien,43.29430703321323,5.383243403169925,Music Venue
43.29810844316514,5.3818716607601615,666.6666666666666,4e75f975483b0cf5ecf9f9e6,Palais des Arts,43.29590998612358,5.383665561676025,Dance Studio
43.29810844316514,5.3818716607601615,666.6666666666666,4bb79dc4cf2fc9b6f0809e02,Au Petit Nice,43.295314365098186,5.385900954720507,Bar
43.29810844316514,5.3818716607601615,666.6666666666666,4ba1675df964a520fcb337e3,Cours Julien,43.29341896623758,5.383386611938477,Plaza
43.29810844316514,5.3818716607601615,666.6666666666666,503e64bbe4b09d71d4714f63,Restaurant l'Arôme,43.29422906129047,5.384668779666205,French Restaurant
43.29810844316514,5.3818716607601615,666.6666666666666,4b5b15a9f964a520d4e228e3,Toinou,43.29612307832876,5.37828620222316,Seafood Restaurant
43.29810844316514,5.3818716607601615,666.6666666666666,4ec836876da1d1092f8156cd,Lan Thai,43.294359962563426,5.3838815657298875,Thai Restaurant
43.29810844316514,5.3818716607601615,666.6666666666666,4bcf1eca0adfb713c30daf55,Waaw,43.29382036689079,5.384891582924296,Bistro
43.29810844316514,5.3818716607601615,666.6666666666666,4c5c620f857ca59303edc9cb,La Fiesta,43.294327,5.384296,Tapas Restaurant
43.29810844316514,5.3818716607601615,666.6666666666666,4c7ab6f1794e224b7c736928,Umma Gumma,43.294060416750966,5.384827246105521,French Restaurant
43.29810844316514,5.3818716607601615,666.6666666666666,55eda5e1498e808c98c99d7b,ego,43.293029,5.383542,Ice Cream Shop
43.29810844316514,5.3818716607601615,666.6666666666666,4e4838c5ae60fa72330bb7c7,O' Pakistan,43.29420643,5.38484356,Indian Restaurant
43.29810844316514,5.3818716607601615,666.6666666666666,4f784f78d5fbf3ef1f685157,Maison Empereur - Arts culinaires,43.2959629908625,5.378514483759143,Furniture / Home Store
43.29810844316514,5.3818716607601615,666.6666666666666,4c6c3f5b65eda09343634bd0,Bistro Vénitien - Chez Marie,43.294593862151416,5.38305346913444,Lounge
43.29810844316514,5.3818716607601615,666.6666666666666,4babd233f964a5206bcc3ae3,Dos Hermanas,43.29334292991407,5.3847715840548185,Spanish Restaurant
43.29810844316514,5.3818716607601615,666.6666666666666,4bbdf9ce078095218635db91,Galeries Lafayette,43.29654447262565,5.374757823082268,Department Store
43.29810844316514,5.3818716607601615,666.6666666666666,4d7a5ce67ea26ea800dfc28f,HOTEL LE RYAD,43.29757,5.383503,Hotel
43.29810844316514,5.3818716607601615,666.6666666666666,4c6be3613e72b71346cc6589,New Cancan,43.298156413874864,5.383621932383531,Nightclub
43.29810844316514,5.3818716607601615,666.6666666666666,4d598965f8ff236a8279cc4a,Le Champ De Mars,43.29359393358368,5.385242121370322,Bar
43.29810844316514,5.3818716607601615,666.6666666666666,4dc6c35118387d1bd55f69ea,La Cure Gourmande,43.29613586564578,5.37676620746092,Candy Store
43.29810844316514,5.3818716607601615,666.6666666666666,4e902d4b7ee60278a5bb159f,COS,43.2935207245436,5.377758020861043,Clothing Store
43.29810844316514,5.3818716607601615,666.6666666666666,4c4e7bb79efabe9a3ed9296a,Boutique Orange,43.29615635221306,5.377014779701303,Electronics Store
43.29810844316514,5.3818716607601615,666.6666666666666,4bd1a3cd5e0cce725ec3a184,Mercure Vieux Port,43.29862607355983,5.3752417190518145,Hotel
43.29810844316514,5.3818716607601615,666.6666666666666,4d53ffdb2e336a31232834eb,Café Vian,43.29436946,5.383879,French Restaurant
43.29810844316514,5.3818716607601615,666.6666666666666,4bc1a564461576b094357c32,Place Jean Jaurès,43.294402892240505,5.386251211166382,Plaza
43.29810844316514,5.3818716607601615,666.6666666666666,4cd152767b6854814246c6f8,Jardin des Vestiges,43.29765129679392,5.374664068222046,Garden
43.29810844316514,5.3818716607601615,666.6666666666666,4f4bef71e4b03bb33aee08d2,Le 15,43.29407573573472,5.3848834762368005,Restaurant
43.29810844316514,5.3818716607601615,666.6666666666666,4bb7b0b67421a59378e3c040,BABY Club,43.29402876935038,5.3854247650731,Nightclub
43.29810844316514,5.3818716607601615,666.6666666666666,4daec63893a0096fbaa61de8,Il Caffe,43.293503,5.383757,French Restaurant
43.29810844316514,5.3818716607601615,666.6666666666666,52a8a9d411d2939ec9261cd7,Subway,43.29243469238281,5.383728504180908,Sandwich Place
43.29810844316514,5.3818716607601615,666.6666666666666,559edd5e498e955ca6cab7bf,Carrefour City,43.29274,5.38445,Supermarket
43.29810844316514,5.3818716607601615,666.6666666666666,589b972037da1d6463a1c2a8,Staycity Aparthotel Marseille Centre Vieux Port,43.30051308297087,5.374720198786508,Hotel
43.29810844316514,5.3818716607601615,666.6666666666666,4f6e4d58e4b06892a05e430f,Hotel Balladins Gare Saint-Charles,43.301080498642825,5.3804465758436795,Hotel
43.29810844316514,5.3818716607601615,666.6666666666666,4f8fbce6003960ba6c2b02bb,La Pause,43.29491046689062,5.3842878341674805,Sandwich Place
43.29810844316514,5.3818716607601615,666.6666666666666,54592be7498e3ca40516e2e9,La Morada des gourmands,43.29423109678394,5.384019613265991,Mexican Restaurant
43.29810844316514,5.3818716607601615,666.6666666666666,4dba337d4df0cac21aeaa23b,Relay,43.30238303714515,5.3798675537109375,Bookstore
43.29810844316514,5.3818716607601615,666.6666666666666,5362a98e11d2e1fb3604b694,Orféa Marseille–Saint-Charles,43.3027091310066,5.38394783597363,Hotel
43.29810844316514,5.3818716607601615,666.6666666666666,4ca9697fb0b8236a2648bde6,Meet & Go,43.30302780026733,5.380120493200133,Sandwich Place
43.29810844316514,5.3818716607601615,666.6666666666666,4d91d7fcf5388cfaabd2bd3d,Micromania,43.30349684225582,5.379521412577727,Video Game Store
43.29810844316514,5.3818716607601615,666.6666666666666,4c8be9473ad9ef3bcc8cdac0,Métro Colbert - Hôtel de Région [M1],43.3000356226252,5.3742123751097175,Metro Station
43.29078838076016,5.44043216,666.6666666666666,4b9e5e6ef964a5208ddd36e3,Gare SNCF de La Pomme,43.290565,5.441156,Train Station
43.29078838076016,5.44043216,666.6666666666666,4dfe0b2c091aaaba729ecf3e,Station William Booth [T1],43.29063042559939,5.441023274286196,Tram Station
43.29078838076016,5.44043216,666.6666666666666,4e3d6a72a809ba757c092d92,Picard,43.29168349,5.44597621,Food & Drink Shop
43.29078838076016,5.44043216,666.6666666666666,5f47d5b45fcb012fa39c56e9,CHAUD PAIN DE VIENNE,43.285219,5.442807,Bakery
43.295284380760165,5.4331120975950205,666.6666666666666,5be41e1e46e1b6002c204741,A+GLASS PARE BRISE MARSEILLE 12,43.2983097,5.4315988,Auto Garage
43.29078838076016,5.425792035190041,666.6666666666666,5e7b6362fe827b0008f3da56,BOULANGERIE ANGE,43.2895,5.42752,Bakery
43.29078838076016,5.425792035190041,666.6666666666666,5e584df4b44b0d00075f0579,D ET C RENOV / RENOVHOME,43.29387124,5.42061716,Miscellaneous Shop
43.29078838076016,5.425792035190041,666.6666666666666,5e31dbf158c7e9000824a53e,Frigo Dépannage,43.28631445,5.42881971,Home Service
43.29078838076016,5.425792035190041,666.6666666666666,4e967f9e722eef174f291fb7,Stade De La Pomme,43.28765918984291,5.431486364146644,Basketball Court
43.29078838076016,5.425792035190041,666.6666666666666,5d4b4da4a4ace90007de3513,AUTOSUR MARSEILLE 12,43.29115052,5.41832054,Auto Workshop
43.295284380760165,5.418471972785061,666.6666666666666,4dfe06d0091aaaba729ecc99,Station Saint-Pierre [T1],43.29186105084255,5.414226651191711,Tram Station
43.295284380760165,5.418471972785061,666.6666666666666,5cebd675c03635002c71260b,Pompes Funèbres et Marbrerie Pincedé,43.2917278,5.4126612,Funeral Home
43.29078838076016,5.411151910380081,666.6666666666666,4e9db92ab803b7506dbcd0c7,Hipark Marseille,43.291027593664644,5.404700407986638,Hotel
43.29078838076016,5.411151910380081,666.6666666666666,5658731b498ed6a346346d7a,Carrefour Market (Market),43.28657,5.41266,Supermarket
43.29078838076016,5.411151910380081,666.6666666666666,4e609f82d164ddd5e4f6e4eb,Ibis Styles,43.29148917409179,5.4040631775045975,Bed & Breakfast
43.29078838076016,5.411151910380081,666.6666666666666,5e1e17c031e73300081d3a23,Photomaton,43.2864023,5.413155,Photography Studio
43.29078838076016,5.411151910380081,666.6666666666666,4f6a137ae4b091c67fd5fc58,Timone,43.28733243934427,5.404725901989269,Pharmacy
43.295284380760165,5.403831847975101,666.6666666666666,5e4cbdf4c90a4e0008d2f330,Olympic Location,43.299779,5.400083,Rental Car Location
43.29078838076016,5.396511785570121,666.6666666666666,4bbe28eb9474c9b6392cd9b6,La Tasca,43.2929381354631,5.391524405606803,Tapas Restaurant
43.29078838076016,5.396511785570121,666.6666666666666,4d5efb1829ef236ab2179359,Glam Rock Pub,43.28956086420391,5.398413774683459,Bar
43.29078838076016,5.396511785570121,666.6666666666666,4c680cc69cb82d7f21ad94d2,Domino's Pizza,43.28965612435143,5.398712636922715,Pizza Place
43.29078838076016,5.396511785570121,666.6666666666666,4f82e13fe4b088078113b37a,Mama Shelter,43.290504381254124,5.388893440475499,Hotel
43.29078838076016,5.396511785570121,666.6666666666666,511b97dce4b0b7356a39ba1b,Coogee Café,43.287684297810735,5.390752821026539,Coffee Shop
43.29078838076016,5.396511785570121,666.6666666666666,5838a2f892789f3da6bee898,Carrefour City,43.28796,5.39055,Supermarket
43.29078838076016,5.396511785570121,666.6666666666666,4db956e793a0f369e86c0bd2,Carrefour City,43.28763292598229,5.390420227892831,Supermarket
43.29078838076016,5.396511785570121,666.6666666666666,4cb963fb4c60a093e28e3fca,Super U St Pierre,43.29124129540649,5.392239871338421,Grocery Store
43.29078838076016,5.396511785570121,666.6666666666666,4b8d540cf964a520daf432e3,Métro Baille [M1],43.2883565884981,5.392686404889484,Metro Station
43.29078838076016,5.396511785570121,666.6666666666666,50759b36e4b01d78868019dd,Parc Timone,43.28815872471857,5.401069803290425,Park
43.29078838076016,5.396511785570121,666.6666666666666,4dcd1a541850aa6414cad2a5,Boulangerie Ragozzino,43.28697245463435,5.390856961272222,Bakery
43.29078838076016,5.396511785570121,666.6666666666666,50e5e85ae4b0e433712e3951,Restaurant Mama Shelter,43.29043102946263,5.388784088731899,Mediterranean Restaurant
43.295284380760165,5.389191723165141,666.6666666666666,4babafbef964a5204ac03ae3,La Dame du Mont,43.291690719088436,5.384652817372573,Bar
43.295284380760165,5.389191723165141,666.6666666666666,4edfbd0be5e8c91177ed799c,Place Notre-Dame-du-Mont,43.29189619223124,5.3843361139297485,Plaza
43.295284380760165,5.389191723165141,666.6666666666666,4e5e7293a809fd79d298eb0a,La Baie du Dragon,43.29209413259672,5.383706140312399,Asian Restaurant
43.295284380760165,5.389191723165141,666.6666666666666,4e6d02a0b61c739ba8cd86e1,Le Corto,43.29187127543315,5.384323641262391,Tapas Restaurant
43.295284380760165,5.389191723165141,666.6666666666666,4ca39a92d7c337043b5ba262,The Red Lion Downtown,43.29221436930666,5.38373568122962,Pub
43.295284380760165,5.389191723165141,666.6666666666666,4dba968a5da389d2c23e6710,Bar Marengo,43.29111040746694,5.383967755228186,Bar
43.295284380760165,5.389191723165141,666.6666666666666,4bfea1ae369476b037948c1f,Le Petit Montmartre,43.29188443781052,5.3844359420999055,Diner
43.295284380760165,5.389191723165141,666.6666666666666,4be9a82f62c0c928e5e9dfd4,Bar du Marché,43.291887329724034,5.384401172884259,Bar
43.295284380760165,5.389191723165141,666.6666666666666,58811a76076be14adc1fe4c6,Carrefour City,43.297854,5.381881,Supermarket
43.295284380760165,5.389191723165141,666.6666666666666,4c6047db832fa5938045efd3,Le Mélo,43.29394,5.38322133,French Restaurant
43.295284380760165,5.389191723165141,666.6666666666666,5072efbbe4b015d051000beb,Place Paul Cézanne,43.29252498102563,5.383162234621148,Plaza
43.295284380760165,5.389191723165141,666.6666666666666,4c6e50df06ed6dcb8c57a622,iCLG Marseille,43.29838,5.383247,Electronics Store
43.295284380760165,5.389191723165141,666.6666666666666,4e9efdb9dab4b02e653355c2,Bar Tabac Le St Julien,43.292417453779244,5.382954776287079,Smoke Shop
43.295284380760165,5.389191723165141,666.6666666666666,4c9af89178fc236a463d3a97,Boulangerie Banette,43.292726,5.395868,Bakery
43.295284380760165,5.389191723165141,666.6666666666666,4cc7d2683c40a35da334712e,Station George [T1],43.29561911210413,5.397111475467682,Tram Station
43.29078838076016,5.3818716607601615,666.6666666666666,4ea2e1fbb6347b9967f90bbb,Minoofi Bakery,43.28914171653777,5.378598932865482,Cupcake Shop
43.29078838076016,5.3818716607601615,666.6666666666666,4d8e19e1fa94370424aaf9c5,Café de la Banque,43.29016464323444,5.378676500250035,French Restaurant
43.29078838076016,5.3818716607601615,666.6666666666666,515445bbe4b01d42b121eab9,Starbucks,43.291848410234785,5.379533604207178,Coffee Shop
43.29078838076016,5.3818716607601615,666.6666666666666,4c288ab39fb5d13ad9a69957,Nespresso,43.29163848824254,5.378966331481934,Coffee Shop
43.29078838076016,5.3818716607601615,666.6666666666666,4c5586da479fc928bd65fa94,Louis Vuitton,43.29247276455486,5.378166918584062,Boutique
43.29078838076016,5.3818716607601615,666.6666666666666,4bb5157c941ad13a4bb71de3,Le Cafe Populaire,43.28874746892313,5.378428285386475,French Restaurant
43.29078838076016,5.3818716607601615,666.6666666666666,4c931eaf418ea1cdadd9aa85,Opéra de Marseille,43.293405,5.375875,Opera House
43.29078838076016,5.3818716607601615,666.6666666666666,4ca73709b0b8236ab5aea6e6,Sylvain Depuichaffray,43.29172533145629,5.375082420626295,Bakery
43.29078838076016,5.3818716607601615,666.6666666666666,4c7d0abf48c6236a76416311,Musée Cantini,43.292188,5.37819,Art Museum
43.29078838076016,5.3818716607601615,666.6666666666666,5594268c498e35f6bc707b3e,L'Ébénisterie,43.28512516764575,5.381335973279375,Lounge
43.29078838076016,5.3818716607601615,666.6666666666666,4d9219ee56a3f04d4062f241,Al Dente,43.289360653325495,5.3797600648929516,Italian Restaurant
43.29078838076016,5.3818716607601615,666.6666666666666,51266733e4b059763ce8bf56,Bistrot L'Horloge,43.29302551980443,5.374386126891218,Bistro
43.29078838076016,5.3818716607601615,666.6666666666666,4f904697e4b0727040079ca0,Les Panisses,43.29255992714065,5.37579715419172,French Restaurant
43.29078838076016,5.3818716607601615,666.6666666666666,4b7e8052f964a520bdef2fe3,Place Castellane,43.285573108299914,5.383980879827384,Plaza
43.29078838076016,5.3818716607601615,666.6666666666666,4ddcedadfa766a6d7946c524,Spok,43.292806568083265,5.376123481548986,Salad Place
43.29078838076016,5.3818716607601615,666.6666666666666,5afd901ba92d98002c69f851,DEEP,43.29354,5.375132,Coffee Shop
43.29078838076016,5.3818716607601615,666.6666666666666,4c5ab03aec2520a1ac045212,Cours Pierre Puget,43.2902407303157,5.373704979601531,Plaza
43.29078838076016,5.3818716607601615,666.6666666666666,4bf277669319a593b3f3ca51,Massena Café,43.285607811422715,5.3841132986596545,French Restaurant
43.29078838076016,5.3818716607601615,666.6666666666666,4c78ff82df08a1cd151ad95d,Cafes Debout,43.29297575183384,5.375604290597722,Coffee Shop
43.29078838076016,5.3818716607601615,666.6666666666666,4bb1b61cf964a520e39f3ce3,Green Bear Coffee,43.293470563308034,5.375086693100638,Vegetarian / Vegan Restaurant
43.29078838076016,5.3818716607601615,666.6666666666666,4e74f67288775d593dbf91fe,Paulaner,43.28525889141915,5.384014671750508,Restaurant
43.29078838076016,5.3818716607601615,666.6666666666666,4c86ca9a47cc224bcb3aac9f,Hello Marseille Hostel,43.29218541306565,5.375024060546798,Hostel
43.29078838076016,5.3818716607601615,666.6666666666666,4c59a9f7b05c1b8db053d6b1,Le Best Of,43.2862196057519,5.383979666267423,Bar
43.29078838076016,5.3818716607601615,666.6666666666666,4c651d4fe0c4be9ade3d8758,L'Authentique,43.286215300998236,5.384156516305884,Sandwich Place
43.29078838076016,5.3818716607601615,666.6666666666666,4c585c2cb7a31b8dbb5852da,Monoprix,43.288,5.38271,Supermarket
43.29078838076016,5.3818716607601615,666.6666666666666,4e74836a1838f918896c042e,Bouygues Telecom,43.28706,5.38282,Mobile Phone Shop
43.29078838076016,5.3818716607601615,666.6666666666666,4e3835b3483bda3eb118db69,Kyriad Marseille Centre - Paradis - Préfecture,43.288678015471554,5.3788229300633,Hotel
43.29078838076016,5.3818716607601615,666.6666666666666,4c4f375379ffe21eab1e491a,Subway,43.28755689092,5.3829314559893815,Sandwich Place
43.29078838076016,5.3818716607601615,666.6666666666666,5736fcbe498e4086cd58faab,Green Bear Coffee,43.290051,5.378824,Coffee Shop
43.29078838076016,5.3818716607601615,666.6666666666666,4bd947fb11dcc9288161f933,Castell York,43.28614444272079,5.3834246436405895,Brasserie
43.29078838076016,5.3818716607601615,666.6666666666666,4e64d402a80951b31981e7a6,Le Castellane,43.28584663389769,5.383272296968779,Brasserie
43.29078838076016,5.3818716607601615,666.6666666666666,4c36341fdfb0e21ef7aaaaa8,McDonald's,43.28681739912873,5.383281747461856,Fast Food Restaurant
43.29078838076016,5.3818716607601615,666.6666666666666,51e83039498e001aa9ab1f3d,shuriken,43.28936,5.381774,Sushi Restaurant
43.29078838076016,5.3818716607601615,666.6666666666666,512cdcdde4b0121ab6ad916b,Carlotta & Co,43.288494,5.382259,Coffee Shop
43.29078838076016,5.3818716607601615,666.6666666666666,4dd2bd9f8877261f7102fc0d,Hotel du Palais,43.28995062565216,5.3759200434523695,Hotel
43.29078838076016,5.3818716607601615,666.6666666666666,4caca694a6e08cfae32aad94,Le César,43.28607682023835,5.383609057626635,Indie Movie Theater
43.29078838076016,5.3818716607601615,666.6666666666666,4c435725ff711b8d20d41405,Café de Paris,43.28589293117202,5.383311174136394,Café
43.29078838076016,5.3818716607601615,666.6666666666666,4c7ea36dd51ea143c544589f,Brasserie Paulaner,43.28531081820876,5.383975037741398,French Restaurant
43.29078838076016,5.3818716607601615,666.6666666666666,4df132c518386ecb4e268bf1,Le Paulaner,43.28521888632345,5.383894489548126,Pub
43.28346831835518,5.44043216,666.6666666666666,5ea74d9f72f1270008102f84,Picard,43.284168,5.434566999999999,Food & Drink Shop
43.28346831835518,5.44043216,666.6666666666666,5efb936edc80bd0008ca2b16,Basic-Fit Marseille Boulevard de Saint-Loup,43.28391232591383,5.432552994467232,Gym
43.287964318355186,5.4331120975950205,666.6666666666666,5d9482dbe1588900083268b4,Speedo Chauffe Eau,43.28424023,5.43639617,Home Service
43.287964318355186,5.4331120975950205,666.6666666666666,4eccbaf177c8448cd5b4e83a,Florentin,43.28358767209398,5.431491480094625,Bakery
43.28346831835518,5.425792035190041,666.6666666666666,4ea14b44b80355a9813d746c,Auchan,43.27895155922152,5.42197770891347,Supermarket
43.28346831835518,5.425792035190041,666.6666666666666,4bde6dd4ffdec928c0b9e8a1,Auchan,43.2790641,5.4248428,Big Box Store
43.28346831835518,5.425792035190041,666.6666666666666,4e78a1c6fa769112d56b1db2,Manhattan Fitness,43.284874,5.421668,Gym
43.28346831835518,5.425792035190041,666.6666666666666,4c0a44f87e3fc9281044f382,Quick,43.27834640036729,5.428389670686716,Fast Food Restaurant
43.28346831835518,5.425792035190041,666.6666666666666,5838ee350acb6a4bcbd82022,Carrefour Market,43.289189,5.426006,Supermarket
43.287964318355186,5.418471972785061,666.6666666666666,4d139a05ffa36ea8fe6c01db,Hippodrome Pont De Vivaux,43.28354446749769,5.416232614009191,Racecourse
43.28346831835518,5.411151910380081,666.6666666666666,5abdf5c912c8f021e3b275d5,MAIF Assurances Marseille Pont de Vivaux,43.284141709502,5.4178121193573,Financial or Legal Service
43.28346831835518,5.411151910380081,666.6666666666666,5e49fc519ed47900085a6ebb,Inter Travaux,43.283573,5.417952,Miscellaneous Shop
43.28346831835518,5.411151910380081,666.6666666666666,5abdf59e3b4e007e346060bb,MAIF Associations Collectivités Marseille,43.284189,5.417946,Financial or Legal Service
43.28346831835518,5.411151910380081,666.6666666666666,5df2ac1ecc5bf000070242dd,ITE Innovation Travaux Ecologique,43.28556807,5.4043962,Miscellaneous Shop
43.287964318355186,5.403831847975101,666.6666666666666,4f4cbecee4b027c8724d7286,caféteria faculté de médecine,43.28736039388653,5.402245865791088,Snack Place
43.28346831835518,5.396511785570121,666.6666666666666,4b9a5768f964a52075ad35e3,Café Thai,43.2788447271367,5.391784753415354,Thai Restaurant
43.28346831835518,5.396511785570121,666.6666666666666,4f5e6bd8e4b0403e9f5ca390,seven urban suites,43.28000847883072,5.390676249338823,Hotel
43.28346831835518,5.396511785570121,666.6666666666666,4c981a4b671db60c8ef6b6f6,Tunnel Prado Carénage - Entrée Est,43.28274554537274,5.396733918461079,Tunnel
43.28346831835518,5.396511785570121,666.6666666666666,4b8234fbf964a5202ccd30e3,Palais Omnisports Marseille Grand-Est,43.28201415440891,5.401865243693464,Skating Rink
43.28346831835518,5.396511785570121,666.6666666666666,4bcc5ca6aeaaeee1fbed3d6d,Kyriad Marseille Centre - Rabatau,43.28054884763054,5.399457985748004,Hotel
43.28346831835518,5.396511785570121,666.6666666666666,4bc0396c461576b008eb7932,Parc du XXVIe Centenaire,43.280517130471274,5.394887924194336,Park
43.287964318355186,5.389191723165141,666.6666666666666,4e29e114483bb05f058d5843,Le Relais Corse,43.28333803831623,5.385313161211414,Restaurant
43.287964318355186,5.389191723165141,666.6666666666666,4ed7dacc2c5b95fea24b2d75,Vapiano,43.284437,5.384127,Italian Restaurant
43.287964318355186,5.389191723165141,666.6666666666666,4e2daf2518508ec753d27295,Seiiki Le Yen,43.28302675684546,5.384777831853789,Japanese Restaurant
43.287964318355186,5.389191723165141,666.6666666666666,4f10375fc2ee45f86a3d6d20,Citadines Castellane Marseille,43.28289312877861,5.387061797054839,Hotel
43.287964318355186,5.389191723165141,666.6666666666666,4b5b5398f964a520d2f428e3,Le Prado,43.28382448170395,5.384787196524536,Multiplex
43.287964318355186,5.389191723165141,666.6666666666666,4da43c5f7ccc816ed3ad8c7b,Darty,43.28429022809493,5.386534621834092,Electronics Store
43.287964318355186,5.389191723165141,666.6666666666666,4e7783422271ffa4e7d86d3d,Kyo Sushi,43.284542693555615,5.38448577363334,Sushi Restaurant
43.287964318355186,5.389191723165141,666.6666666666666,4e9d8f4e8b81791d97c2186b,Ibis Styles Marseille Castellane,43.284105861190824,5.385929046627098,Hotel
43.28346831835518,5.3818716607601615,666.6666666666666,4c554f6972cf0f4728bf01d6,Place Delibes,43.27907214191912,5.382844805717468,Plaza
43.28346831835518,5.3818716607601615,666.6666666666666,4b94e6b7f964a520108734e3,Paul,43.27911109412442,5.382945829394083,Bakery
43.28346831835518,5.3818716607601615,666.6666666666666,515f4754e4b01978d1717e28,Novotel Centre Prado,43.28082860910935,5.387158244660213,Hotel
43.28346831835518,5.3818716607601615,666.6666666666666,563c82a3498e069d84f5f015,Carrefour City,43.28067,5.38788,Supermarket
43.28346831835518,5.3818716607601615,666.6666666666666,4c27cd38fe6e2d7f9c54523c,Holiday Inn,43.28052217477539,5.387234967059627,Hotel
43.28346831835518,5.3818716607601615,666.6666666666666,4d77dc05d10fa14344c1d03d,Sushi Shop,43.278858775060634,5.383133284673112,Sushi Restaurant
43.28346831835518,5.3818716607601615,666.6666666666666,4c9bd0d30313370496ac4fd5,Residence Hotel Grand Prado Marseille,43.280908045178016,5.388124088370196,Building
43.276148255950204,5.44043216,666.6666666666666,4da6ebe1bf8841971845da12,Parc des Bruyères,43.27444013650534,5.441064834594727,Park
43.276148255950204,5.44043216,666.6666666666666,5cb0ed44d9a6e6002b05f333,Le Duo,43.277256,5.433716,Pizza Place
43.276148255950204,5.44043216,666.6666666666666,4ed600c58b8166599313cd6e,Dia,43.28101528146501,5.438403537732945,Food & Drink Shop
43.276148255950204,5.44043216,666.6666666666666,56e6fb12498e87269d3e275b,En cours de résiliation,43.281041159822315,5.437008486291461,Medical Center
43.28064425595021,5.4331120975950205,666.6666666666666,4fb60ed3e4b0b94cfbee17cc,Hôtel les Cigalons,43.28113017450272,5.42864196692221,Resort
43.276148255950204,5.425792035190041,666.6666666666666,5e795725495a3b000846f5aa,Photomaton,43.27923945,5.42481898,Photography Studio
43.28064425595021,5.418471972785061,666.6666666666666,4d5fd95fef378cfa652a75a6,Leader Price,43.279796,5.418351,Supermarket
43.28064425595021,5.418471972785061,666.6666666666666,5cecfff9ff0306002c9fbd26,Garage Louis SAS EVA,43.27812589,5.41624074,Automotive Shop
43.28064425595021,5.418471972785061,666.6666666666666,4e6f633b8998fd5c569c27fd,BOULANGERIE ANGE,43.2791,5.41162,Bakery
43.28064425595021,5.418471972785061,666.6666666666666,58ec83a85804ea10c7e2efe8,Marseille motos transport,43.28198949999999,5.410582400000067,Motorcycle Shop
43.276148255950204,5.411151910380081,666.6666666666666,597212a017556229474f0333,Le Pacifique 4,43.274864,5.415302,Restaurant
43.276148255950204,5.411151910380081,666.6666666666666,56447725498e06b76a77a5b9,Au Coeur du 17,43.27843941066045,5.406479888631126,Bistro
43.28064425595021,5.403831847975101,666.6666666666666,4c2fd92e3896e21ed6b6e490,La Palmeraie,43.27620511430864,5.398342489511697,Nightclub
43.276148255950204,5.396511785570121,666.6666666666666,4cdde5b77e2e236a47db7b1b,Le Bazar,43.27613896450909,5.398352167745172,Nightclub
43.276148255950204,5.396511785570121,666.6666666666666,4bed67446e8c20a15e487061,Pharmacie Prado Mermoz,43.275181960075905,5.389425367816439,Pharmacy
43.276148255950204,5.396511785570121,666.6666666666666,4ba4e755f964a5201fc138e3,Monoprix,43.27474,5.38968,Supermarket
43.276148255950204,5.396511785570121,666.6666666666666,4cd1c1651ac7a1cdfdec2092,Rond-point du Prado,43.27248724610284,5.391240119934082,Plaza
43.276148255950204,5.396511785570121,666.6666666666666,4ec227f230f82a2e142b3968,Carrefour Market,43.277529,5.393141,Supermarket
43.276148255950204,5.396511785570121,666.6666666666666,4d8bafae6eb360fc4928151e,Cinéma Chambord,43.27327197121069,5.391351868369365,Multiplex
43.276148255950204,5.396511785570121,666.6666666666666,5688ef93498e85bfef03adeb,Carrefour Market,43.27742489130129,5.392531283603463,Supermarket
43.276148255950204,5.396511785570121,666.6666666666666,4ca255c91f709eb04a2efa94,Monoprix,43.2737,5.39104,Supermarket
43.276148255950204,5.396511785570121,666.6666666666666,4e6cf1e0b993061ea90d89ea,Keep Cool,43.28022727424436,5.399372224779261,Gym
43.276148255950204,5.396511785570121,666.6666666666666,5167e53a498e2fbea12c14a0,Subway Rond Point du Prado,43.273306288741125,5.390961764710915,Burger Joint
43.28064425595021,5.389191723165141,666.6666666666666,4c3dc7d6a97bbe9a9b45fcdd,Le Kilt,43.278118503009495,5.3883041603000015,Bar
43.28064425595021,5.389191723165141,666.6666666666666,4ce172e43644a093ad325d9f,Ibis Prado,43.27945545962898,5.389310099604706,Hotel
43.28064425595021,5.389191723165141,666.6666666666666,4bc8dedd762beee158a03d38,Adagio Access Hotel Marseille Prado-Périer,43.2786351791777,5.388380817785219,Hotel
43.276148255950204,5.3818716607601615,666.6666666666666,4c5a9bcf5c57c9b644951d4a,La Villa,43.27267180926848,5.387216485138141,Steakhouse
43.276148255950204,5.3818716607601615,666.6666666666666,4e590350d4c0ba8c11975303,Le Café des Thés,43.271647,5.386344,Deli / Bodega
43.27332419354523,5.4331120975950205,666.6666666666666,59cfd5ef2496234a12495543,Le Clos Des Chevaliers,43.27379,5.4301496,Pizza Place
43.268828193545225,5.425792035190041,666.6666666666666,5e4cf989850a7a00080cacd7,ASSAINISSEMENT ACTION 13 SARL,43.26744,5.42188,Miscellaneous Shop
43.268828193545225,5.425792035190041,666.6666666666666,5aea0adf911fc4002cd5669e,Jenny Esthetic,43.26495399,5.42404496,Home Service
43.268828193545225,5.425792035190041,666.6666666666666,5a032a57a9e4027221807c8f,EVE - Espaces Verts Environnement,43.264579,5.4258598,Tree
43.268828193545225,5.425792035190041,666.6666666666666,5cf26b9d35811b002cf02bb6,Les Plats d'Alexandre,43.2724005,5.421097000000032,Restaurant
43.27332419354523,5.418471972785061,666.6666666666666,5e2d6faddc486000073fb8f1,Atpm Services,43.27438387,5.4142593,Medical Supply Store
43.27332419354523,5.418471972785061,666.6666666666666,59024e6135d3fc51b9f07c33,Carglass,43.26841,5.416869,Auto Garage
43.27332419354523,5.418471972785061,666.6666666666666,5c78ebb2cad1b6002d7f66cb,Agence immobilière Nexity,43.278607,5.416846,Real Estate Office
43.27332419354523,5.418471972785061,666.6666666666666,5e1e34dd366335000820ade2,Photomaton,43.26807257,5.41509039,Photography Studio
43.268828193545225,5.411151910380081,666.6666666666666,4da6ed590f2c062614347f08,Parc de la Maison Blanche,43.2673115917082,5.415327336500118,Park
43.268828193545225,5.411151910380081,666.6666666666666,4f79d3237beb54566f4e4ea6,Internity Mobile Hut,43.268827,5.403575,Electronics Store
43.27332419354523,5.403831847975101,666.6666666666666,4c907d22590ab1f717b9e77d,Palais des Sports de Marseille,43.27059536607009,5.401616925046547,Stadium
43.27332419354523,5.403831847975101,666.6666666666666,4bc5b9c76c26b713e19debf3,Métro Sainte-Marguerite Dromel — Stade Vélodrome [M2],43.27067698119956,5.40283390600196,Metro Station
43.27332419354523,5.403831847975101,666.6666666666666,4e45875218502226a8a3054b,"Arrêt Métro Sainte-Marguerite Dromel [15S,16(S),17,24(B,T),46(S),47,48,72,73]",43.270569183818715,5.402777658419078,Bus Stop
43.268828193545225,5.396511785570121,666.6666666666666,4b117d42f964a520a77d23e3,Stade Vélodrome (Orange Vélodrome),43.26984683864035,5.3958964347839355,Soccer Stadium
43.268828193545225,5.396511785570121,666.6666666666666,5b4722bacad1b6002c9d4bdb,Galeries Lafayette,43.269877,5.393516,Department Store
43.268828193545225,5.396511785570121,666.6666666666666,569ed037498e800c0489854d,AC Hotel Marseille,43.2685457,5.3940983,Hotel
43.268828193545225,5.396511785570121,666.6666666666666,4f469494e4b0b2b96b74fd9a,Open 13,43.270958926238926,5.401090256347134,Tennis Court
43.268828193545225,5.396511785570121,666.6666666666666,4f3111cbe4b02344c2560f7d,Casino,43.26752,5.38952,Convenience Store
43.268828193545225,5.396511785570121,666.6666666666666,4b86dc89f964a52061a231e3,McDonald's,43.27228908949101,5.400764606290279,Fast Food Restaurant
43.268828193545225,5.396511785570121,666.6666666666666,5037e9e029a64638f6a98ac0,Hôtel Restaurant Le Huitième | Marseille,43.268015160641966,5.388886179730924,Hotel
43.268828193545225,5.396511785570121,666.6666666666666,4bc8dee3762beee15ea03d38,Inter Hôtel du Parc des Expositions Marseille,43.27407654875075,5.3931089999781054,Hotel
43.268828193545225,5.396511785570121,666.6666666666666,4e785d521f6ecf8d367d27da,Librairie Prado Paradis,43.26934751,5.3883708,Bookstore
43.27332419354523,5.389191723165141,666.6666666666666,555474a5498ea340f31331a7,AM par Alexandre Mazzia,43.27032725587069,5.386299471210184,Modern European Restaurant
43.27332419354523,5.389191723165141,666.6666666666666,5155c7bce4b0ec2397866087,Brasserie le Saint Giniez,43.27025604248047,5.3877973556518555,Coffee Shop
43.27332419354523,5.389191723165141,666.6666666666666,4e2514c51f6ee0c70a5c7f5f,Mercure Marseille Prado,43.269629878577796,5.388335822178577,Hotel
43.27332419354523,5.389191723165141,666.6666666666666,58811dfc24f6110c47c0d6bf,Carrefour City,43.275817,5.39629,Supermarket
43.27332419354523,5.389191723165141,666.6666666666666,4f3e4148e4b0e4bab99100fb,Un Jardin en Ville,43.26925826484596,5.388083572016318,French Restaurant
43.268828193545225,5.3818716607601615,666.6666666666666,4e53d23e62e14e02e8b75711,Parc de Bagatelle,43.26975309425794,5.382099151611328,Park
43.268828193545225,5.3818716607601615,666.6666666666666,4d40608c46775481d65257f4,TCM - Tennis Club de Marseille,43.268138680732044,5.3809883910428224,Tennis Court
43.268828193545225,5.3818716607601615,666.6666666666666,4bb5c46f46d4a593c14dc5c0,Grancafé,43.271460667892896,5.386912909402844,French Restaurant
